{"cameraMode":{"drawMode":0,"name":"Shaded","section":"Shading Mode"},"sceneLighting":false,"audioPlay":false,"sceneViewState":{"m_AlwaysRefresh":false,"showFog":true,"showSkybox":false,"showFlares":true,"showImageEffects":true,"showParticleSystems":true,"showVisualEffectGraphs":true,"m_FxEnabled":true},"in2DMode":false,"pivot":{"x":34.210105895996097,"y":0.6208481192588806,"z":-15.714936256408692},"rotation":{"x":0.03450283780694008,"y":0.8591015338897705,"z":-0.059714365750551227,"w":0.5075258612632752},"size":3.5822529792785646,"orthographic":false}