{"cameraMode":{"drawMode":0,"name":"Shaded","section":"Shading Mode"},"sceneLighting":true,"audioPlay":false,"sceneViewState":{"m_AlwaysRefresh":false,"showFog":true,"showSkybox":true,"showFlares":true,"showImageEffects":true,"showParticleSystems":true,"showVisualEffectGraphs":true,"m_FxEnabled":true},"in2DMode":false,"pivot":{"x":-2.627990245819092,"y":2.2880475521087648,"z":-90.12511444091797},"rotation":{"x":-0.02511448971927166,"y":0.3593820333480835,"z":0.0016047152457758785,"w":0.9329554438591003},"size":0.8660253882408142,"orthographic":false}