{"cameraMode":{"drawMode":0,"name":"Shaded","section":"Shading Mode"},"sceneLighting":true,"audioPlay":false,"sceneViewState":{"m_AlwaysRefresh":false,"showFog":true,"showSkybox":true,"showFlares":true,"showImageEffects":true,"showParticleSystems":true,"showVisualEffectGraphs":true,"m_FxEnabled":true},"in2DMode":false,"pivot":{"x":-164.05389404296876,"y":-46.256134033203128,"z":132.08853149414063},"rotation":{"x":-0.1534479260444641,"y":0.3527519702911377,"z":-0.050284143537282947,"w":-0.9218252301216126},"size":83.32078552246094,"orthographic":false}