{"cameraMode":{"drawMode":0,"name":"Shaded","section":"Shading Mode"},"sceneLighting":true,"audioPlay":false,"sceneViewState":{"m_AlwaysRefresh":false,"showFog":true,"showSkybox":true,"showFlares":true,"showImageEffects":true,"showParticleSystems":true,"showVisualEffectGraphs":true,"m_FxEnabled":true},"in2DMode":false,"pivot":{"x":22.71348762512207,"y":6.614553451538086,"z":-35.574161529541019},"rotation":{"x":0.03372529149055481,"y":0.19827093183994294,"z":-0.007308815140277147,"w":0.9797093868255615},"size":1.2247449159622193,"orthographic":false}