{"cameraMode":{"drawMode":0,"name":"Shaded","section":"Shading Mode"},"sceneLighting":true,"audioPlay":false,"sceneViewState":{"m_AlwaysRefresh":false,"showFog":true,"showSkybox":true,"showFlares":true,"showImageEffects":true,"showParticleSystems":true,"showVisualEffectGraphs":true,"m_FxEnabled":true},"in2DMode":false,"pivot":{"x":83.39045715332031,"y":30.36642074584961,"z":-10.293644905090332},"rotation":{"x":0.029307035729289056,"y":-0.6405271291732788,"z":0.02341446839272976,"w":0.7672855257987976},"size":0.8660253882408142,"orthographic":false}