{"cameraMode":{"drawMode":0,"name":"Shaded","section":"Shading Mode"},"sceneLighting":true,"audioPlay":false,"sceneViewState":{"m_AlwaysRefresh":false,"showFog":true,"showSkybox":true,"showFlares":true,"showImageEffects":true,"showParticleSystems":true,"showVisualEffectGraphs":true,"m_FxEnabled":true},"in2DMode":false,"pivot":{"x":7.697427749633789,"y":29.551280975341798,"z":9.800042152404786},"rotation":{"x":0.05860290303826332,"y":0.8809944987297058,"z":-0.45563453435897829,"w":0.11312002688646317},"size":0.8660253882408142,"orthographic":false}