{"cameraMode":{"drawMode":0,"name":"Shaded","section":"Shading Mode"},"sceneLighting":true,"audioPlay":false,"sceneViewState":{"m_AlwaysRefresh":false,"showFog":true,"showSkybox":true,"showFlares":true,"showImageEffects":true,"showParticleSystems":true,"showVisualEffectGraphs":true,"m_FxEnabled":true},"in2DMode":false,"pivot":{"x":26.615488052368165,"y":4.684227466583252,"z":-32.9417839050293},"rotation":{"x":0.2155490666627884,"y":-0.05360008776187897,"z":0.011143604293465615,"w":0.9751625061035156},"size":0.8178634643554688,"orthographic":false}