{"cameraMode":{"drawMode":0,"name":"Shaded","section":"Shading Mode"},"sceneLighting":true,"audioPlay":false,"sceneViewState":{"m_AlwaysRefresh":false,"showFog":true,"showSkybox":true,"showFlares":true,"showImageEffects":true,"showParticleSystems":true,"showVisualEffectGraphs":true,"m_FxEnabled":true},"in2DMode":false,"pivot":{"x":13.563791275024414,"y":3.465446710586548,"z":-20.860305786132814},"rotation":{"x":0.15241622924804688,"y":0.3682277798652649,"z":-0.06124276667833328,"w":0.9151003360748291},"size":1.2846096754074097,"orthographic":false}