{"cameraMode":{"drawMode":0,"name":"Shaded","section":"Shading Mode"},"sceneLighting":true,"audioPlay":false,"sceneViewState":{"m_AlwaysRefresh":false,"showFog":true,"showSkybox":true,"showFlares":true,"showImageEffects":true,"showParticleSystems":true,"showVisualEffectGraphs":true,"m_FxEnabled":true},"in2DMode":false,"pivot":{"x":23.815824508666993,"y":19.962570190429689,"z":45.70402908325195},"rotation":{"x":0.027831250801682473,"y":-0.9730492234230042,"z":0.20970779657363892,"w":0.09453373402357102},"size":1.30482816696167,"orthographic":false}