{"cameraMode":{"drawMode":0,"name":"Shaded","section":"Shading Mode"},"sceneLighting":false,"audioPlay":false,"sceneViewState":{"m_AlwaysRefresh":false,"showFog":true,"showSkybox":false,"showFlares":true,"showImageEffects":true,"showParticleSystems":true,"showVisualEffectGraphs":true,"m_FxEnabled":true},"in2DMode":false,"pivot":{"x":24.66942024230957,"y":0.6350410580635071,"z":-29.657264709472658},"rotation":{"x":-0.11909510940313339,"y":-0.1851567029953003,"z":0.022641411051154138,"w":-0.9753630757331848},"size":1.5939058065414429,"orthographic":false}