{"cameraMode":{"drawMode":0,"name":"Shaded","section":"Shading Mode"},"sceneLighting":false,"audioPlay":false,"sceneViewState":{"m_AlwaysRefresh":false,"showFog":true,"showSkybox":false,"showFlares":true,"showImageEffects":true,"showParticleSystems":true,"showVisualEffectGraphs":true,"m_FxEnabled":true},"in2DMode":false,"pivot":{"x":10.272872924804688,"y":8.516313552856446,"z":-12.771283149719239},"rotation":{"x":-0.12334097176790238,"y":0.44762927293777468,"z":-0.05117455869913101,"w":-0.8849078416824341},"size":2.4752867221832277,"orthographic":false}