{"cameraMode":{"drawMode":0,"name":"Shaded","section":"Shading Mode"},"sceneLighting":false,"audioPlay":false,"sceneViewState":{"m_AlwaysRefresh":false,"showFog":true,"showSkybox":false,"showFlares":true,"showImageEffects":true,"showParticleSystems":true,"showVisualEffectGraphs":true,"m_FxEnabled":true},"in2DMode":false,"pivot":{"x":18.01703643798828,"y":1.933488368988037,"z":16.143394470214845},"rotation":{"x":-0.07158270478248596,"y":0.31851986050605776,"z":-0.012940178625285626,"w":-0.9458393454551697},"size":2.4752867221832277,"orthographic":false}