{"cameraMode":{"drawMode":0,"name":"Shaded","section":"Shading Mode"},"sceneLighting":false,"audioPlay":false,"sceneViewState":{"m_AlwaysRefresh":false,"showFog":true,"showSkybox":false,"showFlares":true,"showImageEffects":true,"showParticleSystems":true,"showVisualEffectGraphs":true,"m_FxEnabled":true},"in2DMode":false,"pivot":{"x":0.5514102578163147,"y":1.679300308227539,"z":1.7465529441833497},"rotation":{"x":-0.005344294011592865,"y":0.9937496185302734,"z":-0.11387494206428528,"w":0.01567135564982891},"size":1.2574578523635865,"orthographic":false}